,perc
0,6.5%
1,880%
2,17.4%
3,128 percent
4,1.4 percentage points
5,5.58%
6,457 percent
7,97.3%
8,1.18 percent
9,207%
10,8.29%
11,4.73 percent
12,1.19%
13,1.68 percent
14,4.00 percent
15,37.4%
16,7.3 percentage points
17,24.72 percent
18,106%
19,9.15%
20,16.46%
21,10.4%
22,26.2 percent
23,31.4 percent
24,2.05 percent
25,3.41%
26,1.59 percent
27,261%
28,188%
29,70.6 percent
30,0.36 percentage points
31,18.11 percent
32,48.8%
33,1.09 percent
34,0.97%
35,0.09 percentage points
36,1.86 percent
37,9%
38,20 percentage points
39,730%
40,5.56%
41,4.18%
42,25.87%
43,12.83%
44,3.504%
45,12.26 percent
46,14.59%
47,1.95%
48,8%
49,2.54%
50,66.2%
51,63.3%
52,23.3 percent
53,19.8 percent
54,7.5 percentage points
55,115%
56,3.6 percent
57,18.2%
58,26.5%
59,47 percent
60,245 percent
61,1.069 percent
62,20.5%
63,51.3%
64,2.292%
65,10.69%
66,1500%
67,3.90%
68,000 percent
69,1.47%
70,3.99%
71,20.1 percent
72,45.6%
73,0.01%
74,8.31 percent
75,9.97 percent
76,68%
77,1.44 percentage points
78,23 percent
79,1.94 percent
80,13.31%
81,52.4 percent
82,30.1%
83,1.10%
84,12.05%
85,12.98 percent
86,87 percent
87,8.2%
88,2.93%
89,8.48 percent
90,12.2%
91,2 percent
92,13.45%
93,32.7 percent
94,23.2%
95,10.1 percentage points
96,230 percent
97,3.50%
98,8.59%
99,180%
100,78 percent
101,2.161%
102,3.3 percent
103,11.62 percent
104,3.85 percent
105,4.53%
106,1.08%
107,39.1 percent
108,9.7%
109,51.5 percent
110,5.89 percent
111,30.0%
112,17.0%
113,4.64 percent
114,48.1 percent
115,1.37%
116,00.25%
117,20.93%
118,151%
119,2.35%
120,7.50%
121,71.77%
122,4.5%
123,3.62 percent
124,5.20 percent
125,2.64 percent
126,43.4%
127,96.9%
128,892 percent
129,64.29%
130,8.1%
131,0.34%
132,2.87%
133,0.425 percent
134,76.2 percent
135,8.85%
136,40.6%
137,2.36%
138,69.5%
139,fifteen percent
140,6 percent
141,91.3%
142,3.264 percent
143,175%
144,35.1%
145,4.57%
146,0.055 percent
147,13.34%
148,81.08 percent
149,5.10 percent
150,8.26 percent
151,161%
152,eighty percent
153,29.1 percent
154,43.9%
155,1.27 percent
156,0.54%
157,2.53%
158,1.96%
159,3.67%
160,10.9%
161,111%
162,57.95%
163,13.24%
164,15 percent
165,43.7 percent
166,05 percent
167,1.98%
168,97.8%
169,4.8%
170,18.75 percent
171,61.1%
172,16.6 percent
173,36 percent
174,417%
175,1.28 percent
176,1.8 percentage points
177,29%
178,15.3 percent
179,28.85%
180,1.89%
181,1.5 percentage points
182,3.48%
183,2.20%
184,0.002 percent
185,9.19 percent
186,123.7%
187,34.7%
188,1.17%
189,36.8%
190,2.65 percent
191,3.03%
192,5.6 percent
193,4.88 percent
194,1.93 percent
195,2.413 percent
196,1.625%
197,1.15%
198,49.6%
199,343 percent
200,294%
201,15.3%
202,43.9 percentage points
203,49.2%
204,90.3%
205,33.3 percent
206,17.2 percent
207,12.20%
208,526%
209,0.19%
210,3.5 percentage points
211,2.01%
212,908%
213,3.39%
214,436.45%
215,1.671%
216,54.9%
217,0.60%
218,1.249 percent
219,55.5 percent
220,3.461%
221,10.14%
222,28.75%
223,16.7%
224,14.3 percent
225,0.32 percent
226,40%
227,5.49 percent
228,100.2%
229,6 percentage points
230,3.69 percent
231,0.55 percent
232,34.2 percent
233,0.34 percent
234,0.12%
235,3.26%
236,11%
237,7.28%
238,39.47%
239,89.8%
240,13 percent
241,10.17%
242,81.1%
243,0.16 percent
244,12.9%
245,22.6%
246,2.37 percent
247,146 percent
248,6.681%
249,2.74 percent
250,22.6 percent
251,15.84%
252,5.55 percent
253,8.6%
254,0.48%
255,3.22 percent
256,1.55 percent
257,312%
258,1.3%
259,15.4 percent
260,14.7%
261,8.8%
262,98.3%
263,12.31%
264,38.7%
265,56.9%
266,83 percent
267,2.2787%
268,30.4 percent
269,14.87 percent
270,102%
271,41.3%
272,4.79 percent
273,146%
274,0.625%
275,3.69%
276,0.64 percentage points
277,50.4%
278,47.2%
279,37.1%
280,1.78%
281,8.4 percent
282,6.5 percent
283,93.7%
284,5.86%
285,0.99 percent
286,84.9%
287,13.6%
288,4.0%
289,7.0 percent
290,10.1 percent
291,1.31%
292,11.45%
293,1.70%
294,1.22%
295,4.20 percent
296,0.42 percent
297,4 percentage points
298,91.0%
299,2.6858%
300,619 percent
301,1.16 percentage points
302,225%
303,4.216%
304,3.34%
305,28.8 percent
306,188 percent
307,3.91%
308,3.63%
309,28.9%
310,3.02%
311,3.3%
312,2.4395%
313,24.0%
314,28.29%
315,600 percent
316,18.6%
317,seventy percent
318,6.94%
319,65%
320,50.0%
321,39 percentage points
322,56.4 percent
323,608%
324,11.42 percent
325,2.95 percent
326,3%
327,131 percent
328,53.1 percent
329,71.8 percent
330,71%
331,1.80%
332,286.8%
333,1.76%
334,3.35%
335,41.78 percent
336,13.2%
337,121%
338,55.35 percent
339,12.01 percent
340,5.56 percent
341,31.2 percent
342,7.112%
343,99.3 percent
344,03%
345,2.43 percent
346,129%
347,8.375 percent
348,8.7 percent
349,2.73 percent
350,50.8%
351,853%
352,36.74%
353,18.5%
354,0.75%
355,36.3%
356,0.81 percent
357,2.946%
358,723 percent
359,31.1%
360,550%
361,4.89 percent
362,0.07%
363,7.81%
364,6.3%
365,62.7%
366,25.73 percent
367,23.2 percent
368,37.5%
369,35.8%
370,0.0 percent
371,18.9%
372,21.6%
373,10.3 percent
374,2.285 percent
375,77.7 percent
376,47.1%
377,328%
378,42.7 percent
379,47.5 percent
380,7.2%
381,45.7%
382,2.54 percentage points
383,125.9%
384,70.7%
385,81 percent
386,1.76 percentage points
387,346 percent
388,39.2 percent
389,3.65%
390,6.95 percent
391,4.82 percent
392,3.0 percent
393,0.8%
394,10.87%
395,43.2 percent
396,0.69 percent
397,2.3%
398,800 percent
399,0.73 percent
400,1.97 percent
401,1.92%
402,9.11%
403,46.3 percent
404,3000%
405,10.8 percent
406,180 percent
407,2.55 percent
408,2.344 percent
409,82.1%
410,4.06 percent
411,5.06%
412,28.37%
413,3.59%
414,3.75%
415,5.33 percent
416,50 percentage points
417,96%
418,53.3%
419,1.66 percentage points
420,61.4 percent
421,72%
422,2.2 percentage points
423,13.2 percentage points
424,44.3%
425,0.95%
426,36.1%
427,34.3%
428,3.66 percent
429,47.5%
430,1.81%
431,28.7%
432,90%
433,0.004%
434,4.36%
435,13.7 percent
436,11.62%
437,132 percent
438,15.8 percent
439,twelve percent
440,217%
441,5.58 percent
442,21.59%
443,15.0 percent
444,126%
445,1000%
446,30.05%
447,32.6 percent
448,0.084 percent
449,55%
450,60 percent
451,4000 percent
452,0.05%
453,8.95 percent
454,688%
455,17.9 percent
456,13.20%
457,0.05 percent
458,0.15 percentage points
459,148.8%
460,0.500 percent
461,61.2%
462,1.42 percentage points
463,81.0%
464,7.1 percent
465,32.2 percent
466,60.8%
467,68.2 percent
468,67 percent
469,42.5 percent
470,17.11%
471,3 percentage points
472,13.4 percent
473,4.80 percent
474,62.9%
475,65.3%
476,0.23%
477,46.4%
478,3.51%
479,65.49%
480,4.36 percent
481,25 percentage points
482,0.79 percent
483,1.03%
484,13.25%
485,7%
486,58.8 percent
487,0.02 percent
488,3.7 percentage points
489,524%
490,39.9%
491,4.26%
492,0%
493,18.1 percent
494,1.52 percentage points
495,3.37%
496,020%
497,5.9 percent
498,35.4 percent
499,1.07 percent
500,4.28 percent
501,77.3 percent
502,42.4 percent
503,2.86 percent
504,31.1 percent
505,400%
506,51.5%
507,35.3%
508,364 percent
509,72.3%
510,0.41%
511,6575 percent
512,4.2 percent
513,99.9 percent
514,2.58%
515,260 percent
516,27.5 percent
517,6.00%
518,0.97 percent
519,5.39%
520,3.17 percent
521,2.30%
522,2.4 percentage points
523,6.7%
524,2.84%
525,32.34%
526,73.1 percent
527,43.8%
528,44.7%
529,0.003%
530,14.4 percent
531,2030%
532,362%
533,14.32 percent
534,55.7 percent
535,96.4 percent
536,2.3 percentage points
537,9.59%
538,38.7 percent
539,20.98 percent
540,42%
541,14.5 percentage points
542,46.1 percent
543,4.34%
544,2.83%
545,12.77%
546,195%
547,54.4 percent
548,21.9%
549,3.45%
550,3.81%
551,0.43 percent
552,82.6%
553,8.0 percent
554,45.0%
555,2.30 percent
556,68.6%
557,27.8 percent
558,33.0 percent
559,39%
560,12.4 percent
561,54.2%
562,5.64%
563,55.2%
564,44.4 percent
565,1.93%
566,2.327%
567,7 percentage points
568,5.27 percent
569,26.03%
570,12.7 percent
571,85.7%
572,9.98 percent
573,74.3%
574,3.249 percent
575,99.1%
576,31.6 percent
577,14.7 percent
578,96.7%
579,66.40 percent
580,1.484%
581,258 percent
582,38.6 percent
583,7.06%
584,8.62%
585,88.2 percent
586,56%
587,9.73 percent
588,3.5%
589,571 percent
590,15.73%
591,twenty percent
592,5.84%
593,3.77 percent
594,57.3 percent
595,1.69%
596,144 percent
597,33.8%
598,10.93%
599,12.3 percent
600,9.7 percent
601,29.99 percent
602,17.3 percent
603,13.73%
604,7.1%
605,1.14%
606,37.8 percent
607,72.9 percent
608,01 percent
609,5.8 percent
610,60 percentage points
611,17.85%
612,4.13%
613,143 percent
614,6.37 percent
615,2.0 percent
616,0.480 percent
617,20.2 percent
618,10.40 percent
619,161.8%
620,93%
621,10 percentage points
622,18.11%
623,8.17 percent
624,14.78 percent
625,4.21%
626,13.1 percent
627,4.348%
628,47.56%
629,63.5%
630,1.125 percent
631,1.33 percent
632,4.96 percent
633,18.75%
634,1.41 percentage points
635,40.2%
636,1015%
637,3.08%
638,21.875%
639,1.13 percent
640,25.1%
641,141%
642,6.8%
643,100%
644,7.3 percent
645,0.16 percentage points
646,35.0%
647,6.05 percent
648,49.1 percent
649,71.5%
650,2.44%
651,6.56%
652,25.4 percent
653,91.9 percent
654,67.5 percent
655,23.5 percent
656,41.1%
657,80.3 percent
658,17.5 percent
659,4.07%
660,6.7 percent
661,58.3%
662,64.6%
663,2.99 percent
664,2.15%
665,500 percent
666,98.9 percent
667,2.40%
668,1.26%
669,206%
670,1.21 percent
671,1.43%
672,3.12 percent
673,88.7 percent
674,40.3%
675,6.42 percent
676,2.6%
677,22.62%
678,24.3%
679,21.13 percent
680,2.72 percent
681,4.01%
682,57 percent
683,174.9%
684,9.75 percent
685,45.54%
686,12.78%
687,78.4%
688,0.94%
689,8.85 percent
690,1.55%
691,30 percent
692,2.70%
693,23.4 percent
694,11.0 percent
695,0.7 percent
696,16.48%
697,0.25%
698,10.5%
699,2.28%
700,46.9 percent
701,5.756%
702,7.7%
703,19.74%
704,16.0%
705,1.72%
706,42.8 percent
707,4.42 percent
708,51.8 percent
709,1140%
710,8.9%
711,61.4%
712,0.36%
713,35.21%
714,13.79%
715,314%
716,197%
717,6.25 percent
718,18.63%
719,3.626%
720,247%
721,167%
722,0.73%
723,37.6%
724,9.41 percent
725,18.2 percent
726,0.99%
727,181.8%
728,27.2%
729,21.32%
730,14.72 percent
731,18.19 percent
732,1.20%
733,0.375%
734,51.9%
735,23.22%
736,2.67 percent
737,six percentage points
738,63 percent
739,4.9 percent
740,69.5 percent
741,4.3 percentage points
742,7.52%
743,68.2%
744,1.86%
745,0.6 percentage points
746,10.28%
747,5.53%
748,51.92%
749,0.81%
750,27.6 percent
751,24.1%
752,0.37%
753,92.3 percent
754,2.433 percent
755,68.0 percent
756,227%
757,51.72%
758,69 percent
759,5.5 percent
760,4.39%
761,84.3%
762,8.3 percent
763,49.3%
764,five percent
765,5.46%
766,34.8 percent
767,66 percent
768,0.1%
769,282%
770,42.8%
771,204%
772,3.77%
773,6.24%
774,1.11%
775,357%
776,12.39%
777,27.0 percent
778,2.32%
779,4.63 percent
780,71.1%
781,0.04 percent
782,ninety-eight percent
783,52 percent
784,3.49 percent
785,2.241%
786,5.03%
787,76.7 percent
788,3.23%
789,0.13%
790,3.7%
791,20.7%
792,34.5%
793,11.04 percent
794,09082014%
795,13.04%
796,1.074%
797,4.34 percent
798,18.6 percent
799,2.65%
800,600%
801,20.0%
802,69%
803,79.9%
804,5.47%
805,5.18%
806,9 percentage points
807,3.64 percent
808,93.5 percent
809,7.54%
810,4.44 percent
811,64.2%
812,43.0%
813,17.1%
814,105%
815,11.5 percent
816,4.52 percent
817,329 percent
818,64.3%
819,4.125%
820,three percentage points
821,29.8%
822,518%
823,7.27%
824,0.18 percentage points
825,2.8 percentage points
826,75.2%
827,94.2 percent
828,7.53%
829,3.337%
830,97.5%
831,65 percent
832,104%
833,3.00 percent
834,0.55 percentage points
835,23.24%
836,320%
837,7.1 percentage points
838,14.5%
839,5.85%
840,5.19 percent
841,4.75%
842,8.75%
843,37.1 percent
844,38.3%
845,12.9 percent
846,3.74%
847,36.4%
848,1.53 percentage points
849,17.9%
850,28%
851,26.33 percent
852,56.6 percent
853,63.2%
854,2.5717%
855,eight percent
856,49%
857,14.6%
858,63%
859,4.375%
860,56.25%
861,19 percentage points
862,1.1 percentage points
863,100.9%
864,21.01%
865,5.57 percent
866,75 percent
867,94 percent
868,205 percent
869,5.1%
870,3.4%
871,13.83 percent
872,32.3 percent
873,16.5 percent
874,141.2 percent
875,142%
876,17.0 percent
877,47.4%
878,3.276 percent
879,80%
880,30.4%
881,30.9%
882,5.7 percent
883,8.1 percent
884,96 percent
885,125 percent
886,4.75 percent
887,12.82%
888,1.182%
889,3.59 percent
890,15.0%
891,20.5 percent
892,89.9%
893,125.1%
894,2.172 percent
895,4.10 percent
896,4.28%
897,40.5 percent
898,78.2%
899,94.9%
900,77.6 percent
901,79.4 percent
902,13.0 percent
903,1.79 percent
904,9.65%
905,41.8 percent
906,52.8 percent
907,57.0%
908,1.27 percentage points
909,42.2%
910,2.1 percentage points
911,0.20 percent
912,23.0%
913,4.98 percent
914,37 percent
915,5.31%
916,4.169 percent
917,1.91%
918,3.876%
919,33.6 percent
920,7.42 percent
921,82%
922,16.28%
923,4.63%
924,2.240 percent
925,45.84 percent
926,6.59%
927,52.7 percent
928,34%
929,2.597 percent
930,0.33%
931,124%
932,12%
933,248 percent
934,9.2%
935,34.1 percent
936,5.7 percentage points
937,1.57%
938,2.46%
939,76.8%
940,165 percent
941,20.8%
942,4.58 percent
943,95.8 percent
944,11.75%
945,17.1 percent
946,2.5%
947,69.1%
948,1654%
949,22.8 percent
950,16.81 percent
951,16%
952,79.2 percent
953,9.83 percent
954,5.9 percentage points
955,2.5 percent
956,34.4 percent
957,3540%
958,25.0%
959,2.51 percent
960,24%
961,660%
962,2.12%
963,4.11 percent
964,26.9 percent
965,400 percent
966,2.31%
967,7.92 percent
968,8.23%
969,21.3%
970,85.9 percent
971,3.059%
972,182%
973,47.8%
974,3.46 percent
975,5.07%
976,40 percent
977,24.4 percent
978,77.3%
979,83.2%
980,6.27 percent
981,1.92 percent
982,3.44%
983,5.52 percent
984,362.5%
985,8.2 percent
986,11.7 percentage points
987,15.96%
988,0.51 percent
989,15.9 percent
990,36.67%
991,8.32%
992,74.8 percent
993,31.3%
994,36.9%
995,91 percent
996,20.1%
997,7.84%
998,62%
999,3.52%
1000,81%
1001,6.44%
1002,43.03%
1003,43.7%
1004,44.6%
1005,103 percent
1006,52.3 percentage points
1007,73.1%
1008,69.9%
1009,0.6 percent
1010,4.61%
1011,2.7%
1012,2.7 percentage points
1013,1.76 percent
1014,2.71 percent
1015,23.3%
1016,8.4 percentage points
1017,79.4%
1018,6.99 percent
1019,40.53 percent
1020,41.0%
1021,6.37%
1022,26.7%
1023,0.57%
1024,3.31%
1025,1.34%
1026,61.8%
1027,80.3%
1028,5.7%
1029,8.88%
1030,72.0%
1031,37.2%
1032,76 percent
1033,13.5 percent
1034,37.7%
1035,82 percent
1036,99.99%
1037,1.8178%
1038,92.2 percent
1039,2.3356%
1040,10.3%
1041,5.27%
1042,44%
1043,81.5%
1044,55.9%
1045,76.7%
1046,470%
1047,17.8 percent
1048,0.92%
1049,19.8%
1050,44.9 percent
1051,41.54 percent
1052,6.38 percent
1053,22%
1054,200%
1055,200 percent
1056,36.7 percent
1057,3.4 percent
1058,3.37 percent
1059,0.2 percentage points
1060,0.66 percent
1061,251%
1062,13.27 percent
1063,55.0 percent
1064,2.6 percentage points
1065,1.082%
1066,16.3%
1067,6.53%
1068,5.73%
1069,9.56 percent
1070,13.2 percent
1071,1200%
1072,20.06 percent
1073,224.4%
1074,2.11%
1075,84%
1076,46.8%
1077,63.7 percent
1078,1.5%
1079,0.3 percent
1080,3.41 percent
1081,5%
1082,415%
1083,46%
1084,1.16%
1085,27.30%
1086,2.17%
1087,0.8 percent
1088,2.59 percent
1089,2.28 percent
1090,9.5%
1091,48.7%
1092,226 percent
1093,32.6%
1094,7.34 percent
1095,49.1%
1096,21.64%
1097,0.719 percent
1098,61%
1099,4.7%
1100,9.89%
1101,51.1%
1102,12.1%
1103,105 percent
1104,2.48 percent
1105,73.2%
1106,48.6 percent
1107,4.66%
1108,0.31 percentage points
1109,19.75 percent
1110,14.26%
1111,16.19%
1112,11.85 percent
1113,59.13 percent
1114,52.8%
1115,77.0 percent
1116,99.4 percent
1117,84.69%
1118,653 percent
1119,3.40%
1120,25.9%
1121,134%
1122,23.76%
1123,21.4 percent
1124,6.68 percent
1125,37.2 percent
1126,10.61 percent
1127,32.9 percent
1128,1.13%
1129,48.3%
1130,56.1%
1131,87.5%
1132,9.87%
1133,11.89%
1134,3.75 percent
1135,2.02 percent
1136,360%
1137,nine percent
1138,3.60%
1139,386 percent
1140,53.2 percent
1141,20.50%
1142,68.5 percent
1143,75.7%
1144,14.59 percent
1145,0.27 percent
1146,44.0%
1147,1.4 percent
1148,0.44 percent
1149,twenty-five percent
1150,99.6%
1151,68 percent
1152,2.875%
1153,39.7%
1154,2.516 percent
1155,0.92 percent
1156,61 percent
1157,36%
1158,252%
1159,3.5752%
1160,9.04%
1161,22.5 percent
1162,46.9%
1163,176%
1164,7.72%
1165,14.9%
1166,54.7 percent
1167,168%
1168,36.5%
1169,15.9%
1170,59.9%
1171,7.3%
1172,39.4%
1173,3.0 percentage points
1174,0.12 percentage points
1175,11.6 percent
1176,two percentage points
1177,3.96 percent
1178,5.222 percent
1179,77.5%
1180,2.08%
1181,27.2 percent
1182,66.9%
1183,seventy-three percent
1184,76%
1185,7.30%
1186,2.68%
1187,49.8 percent
1188,32.2%
1189,5.15 percent
1190,0.623%
1191,2.48 percentage points
1192,59.78%
1193,53.7 percent
1194,43.3%
1195,24.5 percent
1196,60.82 percent
1197,35.6 percent
1198,9.55%
1199,2.09 percent
1200,14.1%
1201,1.90%
1202,88.3 percent
1203,28.125%
1204,75.9 percent
1205,3.42%
1206,1.74 percent
1207,15.5 percentage points
1208,7.7 percent
1209,160%
1210,17.7 percent
1211,41%
1212,66.6%
1213,128%
1214,2.18 percent
1215,12.37 percent
1216,49.4%
1217,3.17%
1218,36.6 percent
1219,19.3 percent
1220,2.24 percent
1221,122%
1222,28.0%
1223,0.374%
1224,138%
1225,5.7360%
1226,5.3 percent
1227,62.6%
1228,82.20%
1229,75.1%
1230,36.12%
1231,7.37 percent
1232,19.0%
1233,16.87 percent
1234,8.84 percent
1235,165%
1236,2.0%
1237,10.6 percent
1238,0.76%
1239,10.16 percent
1240,460%
1241,55.4%
1242,28.4%
1243,457%
1244,6.6 percentage points
1245,47.7%
1246,13.7%
1247,2.94%
1248,21.4%
1249,2.67%
1250,42.4%
1251,0.79%
1252,17 percentage points
1253,17%
1254,52.5 percentage points
1255,63.3 percent
1256,43.6 percent
1257,1.33%
1258,1.17 percent
1259,469%
1260,440%
1261,245%
1262,15.76%
1263,74 percent
1264,29.3%
1265,0.64 percent
1266,21.9 percent
1267,700%
1268,33.5%
1269,6.50 percent
1270,69.3%
1271,9.40%
1272,2.34%
1273,19.5%
1274,78.8%
1275,86.9 percent
1276,3.29 percent
1277,5.59%
1278,0.0000009%
1279,436%
1280,6.11%
1281,396%
1282,20.4%
1283,8.7%
1284,4.04%
1285,19.07%
1286,398%
1287,0.83 percentage points
1288,3.95 percent
1289,231%
1290,8.5%
1291,5.28%
1292,36.7%
1293,51.7%
1294,177%
1295,2.27 percentage points
1296,1.16 percent
1297,7.94%
1298,16.23%
1299,14.35%
1300,0.14%
1301,forty-two percent
1302,62.4 percent
1303,2.53 percent
1304,17.92%
1305,109%
1306,33.6%
1307,9.5 percent
1308,3.50 percent
1309,5.97%
1310,9.85 percent
1311,47%
1312,2.6 percent
1313,56 percent
1314,10.67%
1315,45.1%
1316,24.9 percent
1317,78.6%
1318,41 percent
1319,20.3 percent
1320,0.825%
1321,61.5%
1322,7.3940%
1323,9.03%
1324,30.55%
1325,18 percentage points
1326,1.1%
1327,88.1%
1328,64.7%
1329,213 percent
1330,14.8%
1331,660 percent
1332,2.60 percent
1333,6.39%
1334,3.2%
1335,70%
1336,3.21 percent
1337,12.5%
1338,2.4413%
1339,52.3 percent
1340,1.85%
1341,19.2%
1342,2.37 percentage points
1343,45.7 percent
1344,0.6603%
1345,2.701%
1346,339%
1347,450 percent
1348,66.9 percent
1349,13.28 percentage points
1350,189%
1351,0.88 percent
1352,1.365%
1353,114%
1354,29.1%
1355,62.8%
1356,1.30 percentage points
1357,325%
1358,24.84 percent
1359,1.6 percent
1360,96.5%
1361,37.0 percent
1362,0.49 percent
1363,2.20 percent
1364,28.1 percent
1365,3.11 percent
1366,127%
1367,19.7%
1368,0.36 percent
1369,22.0 percent
1370,8.21 percent
1371,1.01 percentage points
1372,1.63%
1373,3.34 percent
1374,6.82%
1375,18%
1376,2.48%
1377,25.4%
1378,4.85%
1379,19.9%
1380,59.8%
1381,91.2%
1382,12.6 percent
1383,442%
1384,36.0 percent
1385,1.44%
1386,84.5%
1387,7.15%
1388,0.24 percent
1389,12.85%
1390,137%
1391,1.21%
1392,5.75%
1393,16.29%
1394,7.50 percent
1395,12.5 percent
1396,5.0 percent
1397,32.1%
1398,2.91%
1399,50.7%
1400,12.94 percent
1401,8.54 percent
1402,275.4%
1403,22.1%
1404,25.2 percent
1405,3.92 percentage points
1406,71.9%
1407,26.5 percent
1408,6.35 percent
1409,1.79%
1410,340 percent
1411,10.82%
1412,9.0 percent
1413,0.00001387015%
1414,23.69%
1415,19%
1416,7.4%
1417,26.6 percent
1418,6.93 percent
1419,90 percent
1420,3.72%
1421,1.61 percent
1422,10.36 percent
1423,23.0 percent
1424,68.7%
1425,32.4%
1426,140 percent
1427,3.78%
1428,24.8 percent
1429,137.7%
1430,4.44%
1431,19.4 percent
1432,0.70%
1433,210%
1434,8.91%
1435,99.5%
1436,78.0%
1437,31 percent
1438,21.1%
1439,349.3%
1440,16.0 percent
1441,55.1%
1442,75.8%
1443,238%
1444,126.4%
1445,95%
1446,73.59 percent
1447,59.7%
1448,74.1 percent
1449,29.4%
1450,22.9 percent
1451,12.43 percent
1452,41.5 percent
1453,370 percent
1454,326 percent
1455,65.1%
1456,1.35 percent
1457,5.44 percent
1458,0.58%
1459,08%
1460,6.9 percent
1461,2.424 percent
1462,4.7 percent
1463,1.8%
1464,9.98%
1465,70.73%
1466,0.008%
1467,6.19%
1468,5.2%
1469,29.2%
1470,28.5 percent
1471,289.6%
1472,80.5%
1473,14 percentage points
1474,112%
1475,4.83 percent
1476,32.0 percent
1477,53%
1478,12 percent
1479,22.2 percent
1480,0.04 percentage points
1481,281%
1482,4.01 percent
1483,56.5%
1484,4.50 percent
1485,83.9 percent
1486,12.7%
1487,5.60 percent
1488,3.01%
1489,2 percentage points
1490,15.21%
1491,24.7 percent
1492,0.40 percent
1493,74.7%
1494,257%
1495,26 percentage points
1496,9.39%
1497,1.49%
1498,31.6%
1499,080%
1500,52.2 percent
1501,7.26 percent
1502,0.59 percent
1503,0.40 percentage points
1504,40.8 percent
1505,23.9%
1506,10.39%
1507,19.11%
1508,260%
1509,32.8%
1510,4.15 percent
1511,1.70 percentage points
1512,0.60 percent
1513,83.3%
1514,332%
1515,12.46%
1516,4.15%
1517,95.6%
1518,480%
1519,5.90%
1520,19 percent
1521,125%
1522,0.10 percent
1523,25.59%
1524,61.7%
1525,6.75 percent
1526,0.53%
1527,8.5 percentage points
1528,224.5%
1529,4.87 percent
1530,36.8 percent
1531,54%
1532,107%
1533,4.81 percent
1534,22.3%
1535,26.3 percent
1536,28.6 percent
1537,5.43%
1538,8.40%
1539,29.9%
1540,99.3%
1541,0.41 percent
1542,8.75 percent
1543,2.66%
1544,2.4 percent
1545,41.15%
1546,41.2%
1547,129.3%
1548,0.06 percent
1549,52.5 percent
1550,49.9%
1551,0.56%
1552,16.2%
1553,64.9%
1554,37.9%
1555,48.2%
1556,110 percent
1557,81.5 percent
1558,2.242%
1559,0.86 percent
1560,61.9%
1561,55.1 percent
1562,2.33%
1563,32.9%
1564,92.5 percent
1565,5.12%
1566,20.4 percent
1567,6.09 percent
1568,4.31 percent
1569,0.29%
1570,2.4716%
1571,2.525 percent
1572,4.12%
1573,25.3 percent
1574,0.17%
1575,4.56 percent
1576,3.57 percent
1577,0.10 percentage points
1578,0.57 percent
1579,28.95%
1580,4.4 percentage points
1581,0.13 percent
1582,47.1 percent
1583,10.8%
1584,0.22%
1585,78.7 percent
1586,8.33%
1587,4.22%
1588,0.76 percent
1589,72.6 percent
1590,56.6%
1591,6.16 percent
1592,57.8 percent
1593,0.3%
1594,1.24%
1595,48%
1596,28.36%
1597,48.9%
1598,53.5%
1599,7.68 percent
1600,3.11%
1601,1.63 percent
1602,58.3 percent
1603,97.9%
1604,2.8 percent
1605,88 percent
1606,93.2%
1607,23.6%
1608,9.28%
1609,645%
1610,0.40%
1611,23.72%
1612,12.8 percent
1613,51.3 percent
1614,2.505 percent
1615,15.4%
1616,7.56%
1617,0.79 percentage points
1618,706%
1619,2.16%
1620,67%
1621,74.4%
1622,377%
1623,31.0%
1624,283%
1625,11.38 percent
1626,3.58 percent
1627,38.4%
1628,0.315 percent
1629,4.2 percentage points
1630,65.0%
1631,0.88%
1632,0.49%
1633,310 percent
1634,135 percent
1635,1.267%
1636,278%
1637,69.50%
1638,14.63 percent
1639,four percent
1640,3.87 percent
1641,32.3%
1642,39.2%
1643,60.5%
1644,91.9%
1645,2013 percent
1646,8.24%
1647,10.0%
1648,2.09%
1649,12.825 percent
1650,99.0%
1651,53.8 percent
1652,13%
1653,06%
1654,4.89%
1655,2.531 percent
1656,3050%
1657,54 percent
1658,34.6%
1659,8.86%
1660,1.95 percent
1661,78.7%
1662,10.73 percent
1663,9.0%
1664,1.2 percentage points
1665,54.3%
1666,0.0%
1667,156%
1668,2.51%
1669,21%
1670,4.05%
1671,1.54%
1672,20.9%
1673,3.35 percent
1674,26.4%
1675,46 percent
1676,12.0 percent
1677,62.1 percent
1678,16.6%
1679,70.01 percent
1680,5.71 percent
1681,93 percent
1682,12.2 percent
1683,14.0 percent
1684,3.06%
1685,9.88%
1686,0.939 percent
1687,2.0 percentage points
1688,18 percent
1689,9.9%
1690,6.1 percentage points
1691,29.7 percent
1692,2.50 percent
1693,24.3 percent
1694,136%
1695,4.49%
1696,2.6604%
1697,22.0%
1698,2.73%
1699,472%
1700,425 percent
1701,2.4%
1702,114 percent
1703,6.35%
1704,72.2 percent
1705,five percentage points
1706,0.10%
1707,5 percent
1708,8.9 percentage points
1709,56.8%
1710,78.5 percent
1711,0.85 percent
1712,75.5 percent
1713,10.75%
1714,27.9%
1715,1.75 percent
1716,7.69%
1717,140.1%
1718,1.23%
1719,24.7%
1720,4.1%
1721,95.1%
1722,296%
1723,3.9%
1724,83%
1725,1.3 percent
1726,16.5%
1727,98.1 percent
1728,2.13%
1729,631%
1730,29.8 percent
1731,1%
1732,9.1 percent
1733,6.83 percent
1734,3.8 percent
1735,13.8 percent
1736,5.67%
1737,54.1 percent
1738,12.10%
1739,0.81 percentage points
1740,12.86%
1741,3.53 percent
1742,92.2%
1743,31.34%
1744,94%
1745,799%
1746,0.5 percent
1747,240 percent
1748,4.54%
1749,16.8 percent
1750,21.7 percent
1751,3.440%
1752,42.1%
1753,250%
1754,73.3 percent
1755,9.17%
1756,2.77%
1757,13.0%
1758,66.8 percent
1759,8.48%
1760,11.82 percent
1761,98.5 percent
1762,5.8%
1763,4.74 percent
1764,6.04%
1765,2%
1766,55 percent
1767,332 percent
1768,44.1%
1769,75.6 percent
1770,50.66%
1771,11.52%
1772,42 percent
1773,3.73%
1774,131.5%
1775,53 percentage points
1776,24.55%
1777,4.00%
1778,2.41%
1779,5.6%
1780,4.55%
1781,5.29 percent
1782,8.375%
1783,78%
1784,6.6%
1785,390 percent
1786,0.20%
1787,98.22%
1788,1.238 percent
1789,3.7 percent
1790,53.8%
1791,149%
1792,2.23%
1793,17.8%
1794,57%
1795,32.5 percent
1796,41.4%
1797,0.71 percent
1798,164%
1799,7.38%
1800,2.6016%
1801,82.9 percent
1802,5.4 percent
1803,16.8%
1804,1.87%
1805,7.10%
1806,0.426%
1807,seven percent
1808,36.2%
1809,0.4%
1810,136 percent
1811,2.128 percent
1812,2.507 percent
1813,two percent
1814,24.9%
1815,15.91 percent
1816,4.25 percent
1817,46.2 percent
1818,19.6 percent
1819,15.7 percent
1820,13.38%
1821,0.25 percentage points
1822,0.21 percent
1823,3.05%
1824,78.3%
1825,4.74%
1826,8.94%
1827,20.8 percent
1828,56.7 percent
1829,9.41%
1830,4.87%
1831,3.1 percent
1832,25.6%
1833,443%
1834,14.46 percent
1835,7.20 percent
1836,2.40 percent
1837,285%
1838,42.3 percent
1839,25.7%
1840,15.56%
1841,1.05%
1842,2.90%
1843,2.07 percentage points
1844,26.29 percent
1845,0.61 percent
1846,6.375%
1847,6.49%
1848,2.79%
1849,71.24%
1850,2.88 percent
1851,28.4 percent
1852,7.86%
1853,11.1%
1854,230%
1855,1.84 percent
1856,1900%
1857,995%
1858,38.1%
1859,1 percentage points
1860,212%
1861,3.64%
1862,12.7 percentage points
1863,7.31 percent
1864,26.2%
1865,25.7 percent
1866,48.7 percent
1867,54.8 percent
1868,55.7%
1869,0.0005%
1870,2.257%
1871,63.4 percent
1872,8.67%
1873,39 percent
1874,77.6%
1875,59.25%
1876,6.0%
1877,3.78 percent
1878,68.09%
1879,165.4%
1880,73.7%
1881,63.4%
1882,2.98%
1883,9.62 percent
1884,6.1 percent
1885,150%
1886,99.8%
1887,03.5%
1888,0.85%
1889,20.6%
1890,13.8%
1891,0.38%
1892,0.61%
1893,42.9%
1894,25.6 percent
1895,30.9 percent
1896,11.2%
1897,50.3 percent
1898,18.71%
1899,38.1 percent
1900,52.2%
1901,7.2 percent
1902,41.56 percent
1903,84.8%
1904,21 percent
1905,73 percent
1906,0.515 percent
1907,13.10%
1908,4.49 percent
1909,15.1%
1910,330%
1911,0.54 percentage points
1912,11.44 percent
1913,262.1%
1914,16.84%
1915,537 percent
1916,15.33%
1917,4.57 percent
1918,24.6 percent
1919,67.5%
1920,76.4%
1921,34.5 percent
1922,1.36%
1923,3.66%
1924,16.2 percent
1925,6.11 percent
1926,0.59%
1927,71.8%
1928,35.4%
1929,3.03 percent
1930,2.80 percent
1931,319 percent
1932,98 percent
1933,0.66%
1934,6.90 percent
1935,2.72%
1936,57.9%
1937,102.6%
1938,74.8%
1939,2.5934%
1940,0.62%
1941,60.3%
1942,34.6 percent
1943,21.0%
1944,343.7%
1945,14.11%
1946,1.05 percent
1947,1.97%
1948,76.0%
1949,875 percent
1950,0.17 percent
1951,33.5 percent
1952,254%
1953,0.31%
1954,7.4 percent
1955,1.06%
1956,33.0%
1957,2.970%
1958,0.169 percent
1959,0.68%
1960,14.95%
1961,3.04%
1962,24.2 percent
1963,810%
1964,3.9 percentage points
1965,73.33%
1966,7.81 percent
1967,3.14%
1968,130 percent
1969,65.2%
1970,13 percentage points
1971,453%
1972,90.6%
1973,54.7%
1974,64.5%
1975,17.71%
1976,54.5%
1977,64 percent
1978,133.4 percent
1979,10.4 percent
1980,60.1%
1981,50.5 percent
1982,7.6%
1983,63.6%
1984,0.44%
1985,0.42%
1986,800%
1987,3.262 percent
1988,8.97 percent
1989,13.4%
1990,56.2%
1991,22.4 percent
1992,59.4 percent
1993,1.123%
1994,73%
1995,26.6%
1996,27.6%
1997,34.0%
1998,1.67 percentage points
1999,118%
2000,79.3%
2001,163.9 percent
2002,3.0%
2003,37.0%
2004,14.2 percent
2005,3.89 percent
2006,120 percent
2007,11.5%
2008,1.77%
2009,1.88%
2010,39.6 percent
2011,2.27 percent
2012,17 percent
2013,4.3 percent
2014,147%
2015,0.74%
2016,67.7%
2017,440 percent
2018,7.0%
2019,28.45%
2020,3.65 percent
2021,1.256%
2022,2.6179%
2023,1.28 percentage points
2024,68.4%
2025,31.3 percent
2026,98%
2027,6.66%
2028,19.1%
2029,4.41%
2030,1.618%
2031,52.0 percent
2032,171%
2033,18.7%
2034,49.07%
2035,4.19 percent
2036,1.2 percent
2037,33.2%
2038,2.58 percent
2039,51.6%
2040,130%
2041,50.7 percent
2042,291.1%
2043,15.89%
2044,75%
2045,1.1 percent
2046,4.47 percent
2047,41.6 percent
2048,0.6%
2049,5.35%
2050,434%
2051,19.42%
2052,270 percent
2053,35.3 percent
2054,57.1 percent
2055,40.5%
2056,101%
2057,nine percentage points
2058,59.0%
2059,1.66%
2060,0.50%
2061,38%
2062,05%
2063,847%
2064,0.52%
2065,53.0 percent
2066,0.77%
2067,8 percentage points
2068,0.28 percent
2069,8.36%
2070,87.8 percent
2071,3.16 percent
2072,02%
2073,79.2%
2074,39.4 percent
2075,647 percent
2076,45.8%
2077,four percentage points
2078,0.534 percentage points
2079,6.89%
2080,2.75%
2081,2.88%
2082,79.3 percent
2083,5.05%
2084,1.2%
2085,6.60 percent
2086,77.7%
2087,1.33 percentage points
2088,0.24%
2089,118 percent
2090,1.65 percent
2091,55.5%
2092,3.79%
2093,55.6%
2094,77.8 percent
2095,917%
2096,1.38%
2097,2.96%
2098,9.75%
2099,4.08 percent
2100,36.19%
2101,5.41%
2102,3.24 percent
2103,17.5%
2104,53.5 percent
2105,104.2 percent
2106,53.3 percent
2107,0.67%
2108,4.95 percent
2109,37 percentage points
2110,41.7%
2111,3.5 percent
2112,51.2 percent
2113,1520%
2114,31.5 percent
2115,350%
2116,0.82 percentage points
2117,2.45 percent
2118,30.3 percent
2119,8.51 percent
2120,101.4%
2121,21.36 percent
2122,2.10%
2123,52.9 percent
2124,25.5%
2125,0.7 percentage points
2126,20.97 percent
2127,25.5 percent
2128,4.31%
2129,95 percent
2130,62.5 percent
2131,1.7 percent
2132,49.4 percent
2133,347%
2134,1.00%
2135,5.70%
2136,34.7 percent
2137,1.49 percent
2138,40.7 percent
2139,10.77 percent
2140,14.1 percent
2141,6.5 percentage points
2142,1.75 percentage points
2143,49.6 percent
2144,5.4%
2145,0.15 percent
2146,11.5 percentage points
2147,3.76%
2148,23.6 percent
2149,14%
2150,2530%
2151,2.15 percent
2152,39.6%
2153,9.06%
2154,45.5 percent
2155,2.07%
2156,6.89 percent
2157,34.2%
2158,465%
2159,6.64 percent
2160,1.62 percent
2161,42.6 percent
2162,13.9 percent
2163,19.6%
2164,1.67%
2165,95.0%
2166,30%
2167,27.7 percent
2168,8.47%
2169,1.6%
2170,21.8 percent
2171,55.8%
2172,117%
2173,33.1%
2174,12.37%
2175,1.15 percent
2176,13.07%
2177,0.0004%
2178,4.67%
2179,3.09%
2180,45.3%
2181,7.14 percent
2182,1.8 percent
2183,18.4%
2184,5.48%
2185,57.5 percent
2186,441%
2187,1.46%
2188,5.3%
2189,3.62%
2190,2.90 percent
2191,12.3%
2192,21.25%
2193,1.22 percent
2194,11.3%
2195,5.76 percent
2196,2.85 percent
2197,0.39%
2198,18.0 percent
2199,39.3%
2200,2.5320%
2201,43.4 percent
2202,1.7 percentage points
2203,79.1%
2204,70 percent
2205,37%
2206,5.2 percent
2207,2.80%
2208,63.5 percent
2209,170%
2210,134.7%
2211,1.45 percent
2212,59.1 percent
2213,5.66%
2214,13.17%
2215,38.8 percent
2216,3.38 percent
2217,27.1%
2218,32 percentage points
2219,98.2%
2220,9.6%
2221,53.6%
2222,23.5%
2223,54.4%
2224,76.9%
2225,2.75 percent
2226,12.6%
2227,11.2 percent
2228,8.00%
2229,0.28 percentage points
2230,10.55 percent
2231,0.432%
2232,43.3 percent
2233,0.87 percent
2234,8.08 percent
2235,2.82%
2236,5.14%
2237,29 percent
2238,275%
2239,15.32 percent
2240,2.87 percent
2241,4.35 percent
2242,1.02 percent
2243,29.3 percent
2244,2.4412 percent
2245,4.29%
2246,12.98%
2247,1.25 percent
2248,19.15%
2249,7.08%
2250,4.8 percent
2251,6.6 percent
2252,249.4%
2253,64.2 percent
2254,3.43%
2255,48.5 percent
2256,2.63%
2257,300%
2258,3.82%
2259,2.02%
2260,4.13 percent
2261,55.4 percent
2262,1.24 percent
2263,9.25 percent
2264,3.6%
2265,19.2 percent
2266,4.76 percent
2267,57.5%
2268,6.84 percent
2269,7.9%
2270,six percent
2271,49.7 percent
2272,850%
2273,3.355%
2274,0.4 percentage points
2275,759%
2276,0.15%
2277,0.28%
2278,163.4 percent
2279,8.4920%
2280,41.2 percent
2281,36.5 percent
2282,16.96%
2283,2.5 percentage points
2284,0.2%
2285,132.3%
2286,6.52 percent
2287,7.5%
2288,3.93 percent
2289,11.25 percent
2290,6.00 percent
2291,20 percent
2292,0.54 percent
2293,4.33%
2294,2.478 percent
2295,21.5 percent
2296,9.32%
2297,49.7%
2298,124031.4%
2299,3 percent
2300,1.82%
2301,8.50 percent
2302,42.6%
2303,33.1 percent
2304,48 percentage points
2305,1.47 percent
2306,1.28%
2307,0.63 percent
2308,76.2%
2309,11.9 percent
2310,44.7 percent
2311,10.37 percent
2312,2.52%
2313,12.00%
2314,91%
2315,52.6 percent
2316,491%
2317,84.3 percent
2318,15%
2319,2.69%
2320,1000 percent
2321,27.4 percent
2322,66.5%
2323,1.91 percent
2324,20.9 percent
2325,85.0%
2326,11.80 percent
2327,0.29 percentage points
2328,0.71%
2329,17.7%
2330,1.94%
2331,9.27%
2332,0.11 percent
2333,74.5 percent
2334,16.4 percent
2335,13.29%
2336,58.8%
2337,5.50%
2338,33.3%
2339,7.43%
2340,30.8%
2341,forty percent
2342,43.6%
2343,4.42%
2344,4.5 percent
2345,967%
2346,4.26 percent
2347,146.4%
2348,9.22%
2349,2.89 percent
2350,4.03%
2351,1.51%
2352,778%
2353,3.46%
2354,0.04%
2355,4.9 percentage points
2356,262%
2357,33.7 percent
2358,1.9 percentage points
2359,86 percent
2360,79.1 percent
2361,7.04%
2362,7.09%
2363,34.1%
2364,30 percentage points
2365,72.4 percent
2366,12.17%
2367,21.7%
2368,39.0%
2369,2.00%
2370,35.2 percent
2371,9.77 percent
2372,271%
2373,198 percent
2374,2.19%
2375,87%
2376,79%
2377,73.8 percent
2378,1.88 percent
2379,9 percent
2380,32.8 percent
2381,373%
2382,18.3 percent
2383,4.471%
2384,0.4159 percent
2385,712%
2386,0.618%
2387,4.46 percent
2388,37.59 percent
2389,7.5 percent
2390,4.6 percentage points
2391,1.04%
2392,2.35 percent
2393,1.99%
2394,0.943 percent
2395,23 percentage points
2396,2.42%
2397,0.172 percent
2398,41.1 percentage points
2399,2.475 percent
2400,13.17 percent
2401,34.3 percent
2402,64.1 percent
2403,22.1 percent
2404,220%
2405,35%
2406,29.0%
2407,0.0017994134%
2408,144%
2409,15 percentage points
2410,22.81 percent
2411,8.15%
2412,8.37 percent
2413,60.71%
2414,thirty-nine percent
2415,40 percentage points
2416,0.50 percent
2417,119%
2418,45.9%
2419,28.5%
2420,14.47 percent
2421,57.7 percent
2422,8.4%
2423,29.6%
2424,1.04 percent
2425,15.2 percent
2426,0.33 percent
2427,51 percent
2428,5.22%
2429,0.007 percentage points
2430,185%
2431,0.75 percent
2432,4.61 percent
2433,0.16%
2434,10.5 percent
2435,20.6 percent
2436,96.88%
2437,31.5%
2438,2.717 percent
2439,2.8%
2440,7.79%
2441,85.5%
2442,7.7 percentage points
2443,88%
2444,7.67%
2445,6.26%
2446,7.49 percent
2447,8.6 percent
2448,20.79%
2449,513 percent
2450,3.1 percentage points
2451,35 percent
2452,1.69 percent
2453,72.8 percent
2454,2.56%
2455,6.34%
2456,20.78%
2457,3.36%
2458,2.4006%
2459,2.43%
2460,90.5%
2461,33 percent
2462,4.17 percent
2463,30.2 percent
2464,44.2%
2465,17.3%
2466,1.375 percent
2467,43 percent
2468,5.16%
2469,19.94%
2470,1.6 percentage points
2471,10%
2472,8.3%
2473,31.8%
2474,2.75 percentage points
2475,27.49%
2476,329%
2477,250 percent
2478,1.43 percent
2479,0.32%
2480,334%
2481,16.9 percent
2482,155 percent
2483,23.9 percent
2484,5.98%
2485,3.14 percent
2486,3.25 percent
2487,58.5 percent
2488,0.011%
2489,2.184%
2490,0.0000001%
2491,2.52 percent
2492,0.23 percent
2493,4.43%
2494,7.75 percent
2495,328 percent
2496,37.9 percent
2497,0.51%
2498,65.1 percent
2499,7.55%
2500,9.44 percent
2501,99.8 percent
2502,80.6%
2503,1.57 percent
2504,14.81 percent
2505,97 percent
2506,9.35%
2507,11.29%
2508,15.85%
2509,13.74%
2510,3.88%
2511,570%
2512,10.31%
2513,1.50%
2514,49.5 percent
2515,6.70 percent
2516,07%
2517,20.7 percent
2518,1.41%
2519,131%
2520,12.09%
2521,27.3%
2522,21.6 percent
2523,35.9%
2524,69.37 percent
2525,0.718%
2526,26.0 percent
2527,nineteen percent
2528,7.13 percent
2529,2.9 percent
2530,18.4 percent
2531,203%
2532,twenty-two percent
2533,73.9%
2534,25 percent
2535,835%
2536,22.4%
2537,2.2%
2538,115 percent
2539,93.9%
2540,8.0%
2541,65.2 percent
2542,11.7%
2543,7.51%
2544,45.2%
2545,0.20 percentage points
2546,28.7 percent
2547,0.91 percent
2548,0.3 percentage points
2549,80 percent
2550,150 percent
2551,8.25%
2552,39.29%
2553,2.66 percent
2554,4.11%
2555,25.3%
2556,5.2 percentage points
2557,59.3 percent
2558,6.4 percent
2559,7.85 percent
2560,4.8 percentage points
2561,78.9%
2562,4.6%
2563,78.3 percent
2564,27 percent
2565,6.4%
2566,0.46%
2567,32.7%
2568,13.61%
2569,50.9%
2570,6.03%
2571,3.91 percent
2572,504%
2573,13.6 percent
2574,3.24%
2575,0.93 percent
2576,8.33 percent
2577,1.9%
2578,7.6 percent
2579,148%
2580,6.0 percent
2581,1.58%
2582,7.22%
2583,0.46 percent
2584,79.6%
2585,27.3 percent
2586,14.8 percent
2587,4.65 percent
2588,38.5%
2589,0.7%
2590,2.25 percent
2591,4.84%
2592,0.86%
2593,22.8%
2594,25.8%
2595,1.80 percent
2596,28.2 percent
2597,9.4 percent
2598,2.292 percent
2599,1.42%
2600,19.7 percent
2601,24.5%
2602,77.2 percent
2603,32.4 percent
2604,40.1 percent
2605,2.724 percent
2606,14.2%
2607,0.07 percent
2608,40.0%
2609,29.21%
2610,52%
2611,110.9%
2612,2.229 percent
2613,34.8%
2614,4.7 percentage points
2615,66.7 percent
2616,12.25%
2617,24.2%
2618,36.3 percent
2619,16.7 percent
2620,4.3%
2621,33%
2622,149 percent
2623,13.81%
2624,2.7 percent
2625,84.4%
2626,68.45%
2627,7.18%
2628,85.8%
2629,3.15%
2630,162%
2631,0.58 percent
2632,44.8%
2633,3.94%
2634,0.38 percent
2635,79.5%
2636,27.34%
2637,72 percent
2638,14.93%
2639,2.3 percent
2640,18.1%
2641,385%
2642,208%
2643,24.29 percent
2644,46.4 percent
2645,65.4 percent
2646,10.77%
2647,1.865 percent
2648,13.9%
2649,1015 percentage points
2650,33.9%
2651,1.734%
2652,6.15%
2653,900 percent
2654,4.35%
2655,0.64%
2656,38.5 percent
2657,24.83 percent
2658,2.06%
2659,80.1%
2660,0.77 percent
2661,2.60%
2662,4.95%
2663,0.67 percent
2664,28 percentage points
2665,120%
2666,65.6%
2667,36.97 percent
2668,51.6 percent
2669,8 percent
2670,0.78%
2671,1.9 percent
2672,5.99%
2673,33.2 percent
2674,6.72%
2675,414%
2676,525%
2677,362.2%
2678,16 percent
2679,59.2%
2680,5.50 percent
2681,93.4 percent
2682,358%
2683,1.35%
2684,77.8%
2685,23.04%
2686,2.27%
2687,240%
2688,9.72 percent
2689,3.93%
2690,72.4%
2691,17.2%
2692,89 percent
2693,11.47 percent
2694,286%
2695,0.62 percent
2696,99.9%
2697,1.52%
2698,3.28%
2699,145 percent
2700,4.46%
2701,1.73%
2702,4.25%
2703,2.61%
2704,361%
2705,10.52%
2706,0.9 percentage points
2707,4.15 percentage points
2708,1550%
2709,236.2 percent
2710,52.3%
2711,45.6 percent
2712,6.22 percent
2713,42.2 percent
2714,54.6%
2715,31.97 percent
2716,85 percent
2717,103%
2718,1.09%
2719,51.1 percent
2720,199%
2721,3.56 percent
2722,4.76%
2723,6.07%
2724,110.4 percent
2725,13.5%
2726,39.8 percent
2727,2.083%
2728,0.43%
2729,3.87%
2730,192%
2731,3.18%
2732,1.59%
2733,57.4%
2734,10.7 percent
2735,3.16%
2736,147 percent
2737,27.8%
2738,3.07%
2739,1.45%
2740,1.55 percentage points
2741,16.4%
2742,1.4%
2743,29.6 percent
2744,62.8 percent
2745,68.0%
2746,48.5%
2747,8.95%
2748,3.2 percentage points
2749,thirty percent
2750,4.54 percent
2751,0.98%
2752,2.827%
2753,2.21 percentage points
2754,2.2 percent
2755,1.60%
2756,18.56%
2757,700 percent
2758,4.4%
2759,13.42%
2760,31.2%
2761,239%
2762,79 percent
2763,2.86%
2764,45 percent
2765,94.0 percent
2766,51.7 percent
2767,19.75%
2768,2.71%
2769,55.9 percent
2770,900%
2771,32 percent
2772,18.0%
2773,19.4%
2774,0.001%
2775,2.93 percent
2776,10.0 percent
2777,7.06 percent
2778,11.45 percent
2779,23.1%
2780,8.19%
2781,51%
2782,22.7%
2783,189 percent
2784,10.6%
2785,6.12 percent
2786,0.47%
2787,3.79 percent
2788,2.99%
2789,2.89%
2790,274%
2791,122 percent
2792,4.65%
2793,35.5%
2794,12 percentage points
2795,10.74%
2796,2.39%
2797,2.9 percentage points
2798,248%
2799,6.74 percent
2800,60.5 percent
2801,12.78 percent
2802,202%
2803,579%
2804,93.7 percent
2805,0.76 percentage points
2806,98.7%
2807,1.275 percent
2808,7.25%
2809,4.56%
2810,4.83%
2811,3.92%
2812,2.77 percent
2813,0.74 percent
2814,1.00 percent
2815,910%
2816,13.3%
2817,3.84 percent
2818,15.1 percent
2819,3.33%
2820,0.55%
2821,1.66 percent
2822,21.2 percent
2823,0.91%
2824,75 percentage points
2825,55.2 percent
2826,73.4 percent
2827,46.6%
2828,2.47%
2829,0.65%
2830,12.07 percent
2831,0.57 percentage points
2832,3.85%
2833,123%
2834,261.8%
2835,2.9%
2836,36.9 percent
2837,81.4 percent
2838,51.4%
2839,58.2%
2840,16.1 percent
2841,612%
2842,6.25%
2843,284.5%
2844,27.0%
2845,248.2%
2846,81.2%
2847,57.3%
2848,6.27%
2849,1.27%
2850,19.39%
2851,22.61%
2852,190%
2853,34.9%
2854,0.4 percent
2855,124.6%
2856,0.001 percentage points
2857,2.92 percent
2858,4.2%
2859,1.7%
2860,0.72%
2861,4 percent
2862,0.95 percent
2863,2.04%
2864,4.20%
2865,79.6 percent
2866,13.44%
2867,1.02%
2868,6.04 percent
2869,463%
2870,8.9 percent
2871,11.3 percent
2872,62.9 percent
2873,7.9 percent
2874,1.53%
2875,3.58%
2876,102.7%
2877,71 percent
2878,22.9%
2879,6.875%
2880,6.3 percent
2881,39.8%
2882,4.73%
2883,29.03 percent
2884,4.6 percent
2885,4.78 percent
2886,89.5 percent
2887,59.5%
2888,7.11 percent
2889,3.8%
2890,14.85%
2891,27.7%
2892,78.5%
2893,1600%
2894,0.2 percent
2895,60.9 percent
2896,2.375 percent
2897,2.1 percent
2898,1.12%
2899,59.6%
2900,14.75 percent
2901,70.5 percent
2902,6.1%
2903,0.35 percentage points
2904,15.99%
2905,9.58%
2906,58 percent
2907,9.02%
2908,28.6%
2909,3.61%
2910,57.84%
2911,53.4%
2912,510%
2913,80.7%
2914,13.84%
2915,54.8%
2916,0.5 percentage points
2917,18.3%
2918,29.5%
2919,7.65 percent
2920,1.5 percent
2921,37.6 percent
2922,88.8 percent
2923,30.3%
2924,3.71%
2925,0.08%
2926,10.9 percent
2927,64.7 percent
2928,5.11%
2929,81.4%
2930,26.4 percent
2931,27.1 percent
2932,300 percent
2933,5.44%
2934,172%
2935,1.39%
2936,15.8%
2937,50.3%
2938,8.5 percent
2939,182 percent
2940,0.909%
2941,21.15 percent
2942,23.8%
2943,0.31 percent
2944,340%
2945,0.03 percent
2946,12.11 percent
2947,1.0%
2948,2.57%
2949,0.18 percent
2950,41.6%
2951,124 percent
2952,26.1%
2953,2.16 percent
2954,5.9%
2955,95.9%
2956,27%
2957,2.41 percent
2958,0.84 percent
2959,0.03%
2960,19.96 percent
2961,4.58%
2962,38.2 percent
2963,0.45%
2964,5.4 percentage points
2965,50 percent
2966,100 percent
2967,1.32%
2968,0 percent
2969,0.80%
2970,62.0%
2971,96.22%
2972,60.7%
2973,242%
2974,4.80%
2975,seventeen percent
2976,16.31 percent
2977,14.9 percent
2978,52.7%
2979,16 percentage points
2980,1.40%
2981,1.75%
2982,2.59%
2983,6.84%
2984,2.76%
2985,650%
2986,2.648 percent
2987,11.7 percent
2988,2.467 percent
2989,19.99%
2990,15.7%
2991,12.07%
2992,2.614 percent
2993,31.7 percent
2994,6.75%
2995,1.83 percentage points
2996,67.3 percent
2997,0.30 percent
2998,26.23 percent
2999,1.64%
3000,29.2 percent
3001,53 percent
3002,18.8%
3003,4.0 percent
3004,37.7 percent
3005,56.1 percent
3006,63.0 percent
3007,438%
3008,59.7 percent
3009,655%
3010,58.6%
3011,31%
3012,80.98%
3013,57.2%
3014,3.9 percent
3015,5.95%
3016,4.09%
3017,12.1 percent
3018,89%
3019,79.9 percent
3020,81.0 percent
3021,450%
3022,92 percent
3023,5.63%
3024,6.82 percent
3025,8.66 percent
3026,81.9 percent
3027,79.5 percent
3028,4.64%
3029,4.37%
3030,127.3%
3031,7.04 percent
3032,18.5 percent
3033,42.5%
3034,1.12 percent
3035,46.2%
3036,2.34 percent
3037,18.7 percent
3038,0.25 percent
3039,14.3%
3040,4%
3041,462%
3042,33.8 percent
3043,20133.6 percent
3044,9.9 percent
3045,0.9 percent
3046,17.01 percent
3047,5.72%
3048,177 percent
3049,9.03 percent
3050,24.041%
3051,35.8 percent
3052,48.6%
3053,1.29%
3054,43%
3055,11.8%
3056,63.8 percent
3057,11.4%
3058,65.0 percent
3059,11.73%
3060,28.9 percent
3061,87.3 percent
3062,33.55%
3063,3.324%
3064,9.1%
3065,4.32%
3066,9.29%
3067,3382%
3068,26.7 percent
3069,three percent
3070,5.25 percent
3071,232%
3072,57.1%
3073,9.3%
3074,11.8 percent
3075,7.76%
3076,56.3 percent
3077,6.50%
3078,0.63%
3079,72.2%
3080,33 percentage points
3081,64%
3082,76.8 percent
3083,0.47 percent
3084,1.65%
3085,165.05%
3086,14.44%
3087,343.74%
3088,8.8 percent
3089,387%
3090,28.3%
3091,4.40%
3092,5.63 percent
3093,19.5 percent
3094,0.8 percentage points
3095,2.45%
3096,2.277 percent
3097,15.26%
3098,150.62%
3099,48.18%
3100,3.4 percentage points
3101,79.8%
3102,17.82 percent
3103,0.18%
3104,1.89 percent
3105,2.377 percent
3106,2.618%
3107,4.1 percent
3108,7.59%
3109,34.9 percent
3110,9.17 percent
3111,38.2%
3112,17.45%
3113,15.36%
3114,71.6%
3115,49.5%
3116,270%
3117,2.300 percent
3118,14.56%
3119,184.56 percent
3120,30.2%
3121,0.52 percent
3122,52.6%
3123,3.56%
3124,67.2 percent
3125,145%
3126,16.3 percent
3127,1.83%
3128,3.89%
3129,12.08%
3130,86.3 percent
3131,3.2 percent
3132,2.19 percent
3133,4.27 percent
3134,2.21%
3135,9.8%
3136,51.9 percent
3137,59 percent
3138,92.9%
3139,116%
3140,4.53 percent
3141,6.2 percent
3142,0.385 percent
3143,3.71 percent
3144,233%
3145,0.89%
3146,10.2%
3147,1019%
3148,32.32%
3149,0.75 percentage points
3150,26.9%
3151,2.64%
3152,30.1 percent
3153,16.9%
3154,204 percent
3155,21.1 percent
3156,101 percent
3157,25.8 percent
3158,53.7%
3159,87.3%
3160,3.6 percentage points
3161,64.8%
3162,24.1 percent
3163,28 percent
3164,8.84%
3165,18.9 percent
3166,2.55%
3167,62.5%
3168,303%
3169,6.2%
3170,2.14%
3171,6.46 percent
3172,30.7 percent
3173,15.5%
3174,10.2 percent
3175,0.403%
3176,3.53%
3177,1.07%
3178,0.35%
3179,4.50%
3180,19.3%
3181,92.3%
3182,74%
3183,4.23%
3184,40.2 percent
3185,one percent
3186,3.54%
3187,36.4 percent
3188,1.0 percent
3189,15.2%
3190,28.3 percent
3191,10.70%
3192,22 percent
3193,6.584%
3194,20.2%
3195,23%
3196,2.03%
3197,63.8%
3198,86.0%
3199,14.4%
3200,92%
3201,2.85%
3202,0.06%
3203,5.61%
3204,14.75%
3205,6.87 percent
3206,49.9 percent
3207,4.16%
3208,0.73 percentage points
3209,78.8 percent
3210,72.79%
3211,9.25%
3212,15.5 percent
3213,41.5%
3214,142 percent
3215,4.32 percent
3216,2.81%
3217,13.3 percent
3218,1.54 percent
3219,89.7 percent
3220,0.709 percent
3221,0.29 percent
3222,1.74%
3223,2535%
3224,72.1 percent
3225,135%
3226,1.85 percent
3227,28.2%
3228,1.257%
3229,16.1%
3230,25.2%
3231,597%
3232,95.3%
3233,0.001387015%
3234,0.82%
3235,37.8%
3236,7.70%
3237,4.71%
3238,3.74 percent
3239,39.5 percent
3240,5.65%
3241,53.2%
3242,80.9%
3243,92.4%
3244,23.4%
3245,11.1 percent
3246,63.7%
3247,55.3%
3248,0.48 percent
3249,18.8 percent
3250,220 percent
3251,21.5%
3252,5.75 percent
3253,seven percentage points
3254,11.6%
3255,0.27%
3256,1.08 percent
3257,1.25%
3258,13.85%
3259,0.915 percent
3260,7.24%
3261,77.9 percent
3262,0.19 percent
3263,35.5 percent
3264,16.12%
3265,24.6%
3266,4.33 percent
3267,219 percent
3268,3.48 percent
3269,0.87%
3270,500%
3271,12.0%
3272,2.95%
3273,2.37%
3274,22.51%
3275,11.9%
3276,44 percent
3277,46.1%
3278,11.0%
3279,58.0%
3280,62 percent
3281,1.56%
3282,16.83%
3283,9.8 percent
3284,56.3%
3285,2.1%
3286,40.4 percent
3287,5.88%
3288,10.78 percent
3289,34.0 percent
3290,99.99 percent
3291,1200 percent
3292,8.34 percent
3293,7.82%
3294,44.4%
3295,5.64 percent
3296,110%
3297,1.0 percentage points
3298,30.5 percent
3299,215 percent
3300,5.39 percent
3301,21.3 percent
3302,36.6%
3303,22 percentage points
3304,3.57%
3305,86%
3306,0.53 percent
3307,370%
3308,1.68%
3309,123 percent
3310,4.625%
3311,18.06%
3312,2.26%
3313,74.2%
3314,2.78%
3315,72.9%
3316,13.43%
3317,6.01 percent
3318,0.11%
3319,50%
3320,13.5 percentage points
3321,6.8 percent
3322,89.1 percent
3323,7.75%
3324,32.80%
3325,0.93%
3326,0.21 percentage points
3327,19.1 percent
3328,2.652%
3329,24.8%
3330,31.4%
3331,1.48%
3332,7.25 percent
3333,32.93%
3334,0.005 percent
3335,60.8 percent
3336,47.7 percent
3337,8.58 percent
3338,2.70 percent
3339,6.7 percentage points
3340,51.4 percent
3341,3.1%
3342,9.96%
3343,8.22%
3344,67.9%
3345,3.612 percent
3346,173%
3347,20%
3348,166%
3349,249.3%
3350,7.91%
3351,81.3 percent
3352,1.06 percent
3353,5.5 percentage points
3354,68.9 percent
3355,2.24%
3356,048%
3357,38.0%
3358,35.2%
3359,60.6%
3360,87.4 percent
3361,eight percentage points
3362,0.83 percent
3363,5.38%
3364,64.4%
3365,65.7%
3366,7.08 percent
3367,90.5 percent
3368,4.51%
3369,6.62 percent
3370,0.69%
3371,65.8%
3372,66.4%
3373,0.534%
3374,50.2 percent
3375,5.1 percent
3376,23.7%
3377,19.9 percent
3378,63.6 percent
3379,275 percent
3380,2.18%
3381,21.2%
3382,30.5%
3383,15.18 percent
3384,77%
3385,2.74%
3386,63.0%
3387,23.8 percent
3388,7.44%
3389,25.07 percent
3390,66.4 percent
3391,159%
3392,137.6%
3393,5.79%
3394,15.49%
3395,59%
3396,0.03 percentage points
3397,2.462 percent
3398,19.06%
3399,1.18 percentage points
3400,214%
3401,0.1 percent
3402,83.5%
3403,50.8 percent
3404,129 percent
3405,0.45 percent
3406,36.1 percent
3407,7.8%
3408,1.62%
3409,58.7 percent
3410,19.0 percent
3411,140%
3412,66%
3413,35.1 percent
3414,34.4%
3415,85.2%
3416,33.33%
3417,10.25%
3418,5.5%
3419,4.4 percent
3420,33.7%
3421,1.18%
3422,3.00%
3423,12.8%
3424,10.7%
3425,0.84%
3426,11.34%
3427,1.38 percent
3428,3.82 percent
3429,6.36%
3430,17.6%
3431,21.82 percent
3432,18.52 percent
3433,6%
3434,56.5 percent
3435,117 percent
3436,29.7%
3437,77.4 percent
3438,46.5%
3439,177.37%
3440,26.1 percent
3441,0.83%
3442,0.1 percentage points
3443,54.5 percent
3444,2.875 percent
3445,1.39 percentage points
3446,0.5%
3447,138 percent
3448,26%
3449,0.00005%
3450,9.4%
3451,59.6 percent
3452,641 percent
3453,5.80%
3454,1.375%
3455,0.30%
3456,38 percent
3457,5120%
3458,5.66 percent
3459,6.9 percentage points
3460,7.78 percent
3461,2.38%
3462,41.9%
3463,ninety percent
3464,77.9%
3465,30.6%
3466,2.29%
3467,6.9%
3468,4.9%
3469,5 percentage points
3470,0.08 percent
3471,56.9 percent
3472,19.10 percent
3473,2.23 percent
3474,1.98 percentage points
3475,31.8 percent
3476,2.82 percent
3477,thirty-five percent
3478,2.50%
3479,8.96%
3480,54.2 percent
3481,0.90%
3482,0.82 percent
3483,22.3 percent
3484,7.35%
3485,8.98%
3486,24 percent
3487,47.2 percent
3488,16.65%
3489,23.7 percent
3490,7.90%
3491,153%
3492,88.4%
3493,99.5 percent
3494,10.0 percentage points
3495,6.42%
3496,32%
3497,2.372 percent
3498,45.4%
3499,2.349 percent
3500,24.4%
3501,14.6 percent
3502,2.05%
3503,36.2 percent
3504,3.10%
3505,175 percent
3506,11 percentage points
3507,3.61 percent
3508,31.7%
3509,5.0%
3510,26 percent
3511,10.65%
3512,1.29 percent
3513,2.6131 percent
3514,565%
3515,2.03 percent
3516,1 percent
3517,3.125%
3518,17.79 percent
3519,54.0%
3520,6.88 percent
3521,29.5 percent
3522,7.57%
3523,190 percent
3524,47.6%
3525,2.92%
3526,40.3 percent
3527,87.9%
3528,11.4 percent
3529,1.3 percentage points
3530,50.6 percent
3531,0.70 percent
3532,0.42 percentage points
3533,2.69 percent
3534,4.02 percent
3535,0.9%
3536,6.33 percent
3537,27.4%
3538,56.2 percent
3539,0.02%
3540,17.61 percent
3541,2.22%
3542,49 percent
3543,22.2%
3544,22.7 percent
3545,4.24%
3546,21 percentage points
3547,1.61%
3548,58%
3549,305%
3550,46.5 percent
3551,2.57 percent
3552,5.15%
3553,58.5%
3554,41.57%
3555,17.74%
3556,25%
3557,57.6%
3558,2.503 percent
3559,2.44 percent
3560,84 percent
3561,9.3 percent
3562,9.48%
3563,0.01 percent
3564,547%
3565,28.1%
3566,0.171 percent
3567,5.31 percent
3568,163.4%
3569,6.67%
3570,9.2 percent
3571,579 percent
3572,7.13%
3573,100000000000%
3574,84.0 percent
3575,000%
3576,213%
3577,97%
3578,52.1 percent
3579,201 percent
3580,5.25%
3581,7.19 percent
3582,3.04 percent
3583,14.5 percent
3584,10 percent
3585,21.0 percent
3586,45%
3587,46.59%
3588,1.02 percentage points
3589,52.9%
3590,1020%
3591,0.35 percent
3592,137 percent
3593,9.6 percent
3594,3.25%
3595,626.7%
3596,85%
3597,15.6%
3598,16.43%
3599,45.8 percent
3600,16.35%
3601,0.65 percent
3602,14.19%
3603,14.0%
3604,13.71%
3605,15.02 percent
3606,132%
3607,0.21%
3608,3.392%
3609,1.01%
3610,25.9 percent
3611,38.6%
3612,99 percent
3613,63.2 percent
3614,0.0945 percent
3615,7 percent
3616,63.1%
3617,3.33 percent
3618,3.97%
3619,34 percent
3620,0.14 percent
3621,1.32 percent
3622,4.71 percent
3623,9.77%
3624,11.35 percent
3625,75.8 percent
3626,67.3%
3627,0.22 percent
3628,52.1%
3629,11 percent
3630,72.6%
3631,1.11 percent
3632,4.5 percentage points
3633,2025%
3634,12.40%
3635,6.32%
3636,12.30%
3637,423%
3638,868 percent
3639,7.29%
3640,37.3%
3641,36.43 percent
3642,6.45 percent
3643,6.57%
3644,15.6 percent
3645,12.75%
3646,0.96%
3647,2.097 percent
3648,20.0 percent
3649,433%
3650,48.2 percent
3651,32.5%
3652,2.97%
3653,2.33 percent
3654,3.8 percentage points
3655,7.8 percent
3656,1.03 percentage points
3657,21.8%
3658,170 percent
3659,5.24%
3660,44.8 percent
3661,2.25%
3662,1.99 percent
3663,1.26 percent
3664,28.8%
3665,3.55%
3666,7.58%
3667,9.00%
3668,fifty percent
3669,22.5%
3670,485 percent
3671,56.4%
3672,3.98%
3673,0.0001%
3674,77 percent
3675,2.641 percent
3676,4.29 percent
3677,39.31%
3678,8.15 percent
3679,0.09%
3680,0.00%
3681,10.1%
3682,17.6 percent
3683,72.7%
3684,2.422 percent
3685,39.5%
3686,60%
3687,37.31%
3688,0.018%
3689,40.9%
3690,43.5 percent
3691,376%
3692,2.62%
3693,2700%
3694,30.7%
3695,108 percent
3696,26.8%
3697,8.72%
3698,477 percent
3699,2.84 percent
3700,48 percent
3701,5.825%
3702,25.98%
3703,5.98 percent
3704,27.5%
3705,1.097 percent
3706,99%
3707,01%
3708,20.3%
3709,80.72%
3710,30.6 percent
3711,911%
3712,12.4%
3713,14 percent
3714,twenty-one percent
3715,3.48 percentage points
3716,82.9%
3717,50.6%
3718,2.31 percent
3719,0.09 percent
3720,22.2 percentage points
3721,38.3 percent
3722,2.49%
3723,33.4%
3724,8.69%
3725,41.9 percent
3726,17.4 percent
3727,10.10%
3728,0.26%
3729,62.3 percent
3730,3.3 percentage points
3731,0.12 percent
3732,99.7%
3733,sixty percent
3734,13.1%
3735,31.57%
3736,1.30%
3737,1.50 percentage points
